Player ID,Play Test,Hero Name,Level Name,Level Success,Level Time to Complete,Enemies Killed
0,Play Test 1,Assassin,CityRise,true,17.73,6
0,Play Test 1,Assassin,CityRise,true,13.62,6
0,Play Test 1,Assassin,CityRise,false,5.42,1
0,Play Test 1,Assassin,CityRise,true,19.65,6
0,Play Test 1,Assassin,CityRise,true,13.06,6
0,Play Test 1,Assassin,CityRise,true,13.12,6
0,Play Test 1,Assassin,CityRise,false,15.54,5
0,Play Test 1,Assassin,CityRise,true,13.93,6
0,Play Test 1,Assassin,CityRise,false,12.37,4
0,Play Test 1,Assassin,CityRise,true,11.33,6
0,Play Test 1,Assassin,CityRise,false,9.46,4
0,Play Test 1,Assassin,CityRise,false,13.52,5
0,Play Test 1,Assassin,CityRise,true,10.89,6
0,Play Test 1,Assassin,CityRise,false,10.09,5
0,Play Test 1,Assassin,CityRise,false,4.03,1
0,Play Test 1,Assassin,CityRise,true,10.42,6
0,Play Test 1,Assassin,CityRise,false,8.84,2
0,Play Test 1,Assassin,CityRise,true,10.32,6
0,Play Test 1,Assassin,CityRise,true,9.62,6
0,Play Test 1,Assassin,CityRise,false,8.91,4
0,Play Test 1,Assassin,CityRise,false,9.56,3
0,Play Test 1,Assassin,CityRise,true,10.09,6
0,Play Test 1,Assassin,CityHouse,false,7.85,2
0,Play Test 1,Assassin,CityHouse,true,10.59,3
0,Play Test 2,Assassin,CityRise,false,15.55,5
0,Play Test 1,Assassin,CityRise,false,9.48,3
0,Play Test 2,Assassin,CityRise,false,10.32,5
0,Play Test 2,Assassin,CityRise,true,13.82,6
0,Play Test 2,Assassin,CityRise,true,10.07,6
0,Play Test 2,Assassin,CityRise,false,4.7,1
0,Play Test 2,Assassin,CityRise,false,2.8,1
0,Play Test 2,Assassin,CityRise,true,14.14,6
0,Play Test 2,Assassin,CityRise,false,9.56,4
0,Play Test 2,Assassin,CityRise,true,13.27,6
0,Play Test 2,Assassin,CityRise,false,2.77,0
0,Play Test 2,Assassin,CityRise,false,9.66,4
0,Play Test 2,Assassin,CityRise,false,3.69,1
0,Play Test 2,Assassin,CityRise,true,10.43,6
0,Play Test 2,Assassin,CityRise,false,11.05,5
0,Play Test 2,Assassin,CityRise,false,3.14,0
0,Play Test 2,Assassin,CityRise,false,3.44,1
0,Play Test 2,Assassin,CityRise,false,2.73,1
0,Play Test 2,Assassin,CityRise,false,11.73,5
0,Play Test 2,Assassin,CityRise,true,11.07,6
0,Play Test 2,Assassin,CityRise,false,10.19,5
0,Play Test 2,Assassin,CityRise,false,3.52,1
0,Play Test 2,Assassin,CityRise,false,3.09,0
0,Play Test 2,Assassin,CityRise,false,15.26,5
0,Play Test 2,Assassin,CityRise,false,10.37,4
0,Play Test 2,Assassin,CityRise,true,11.4,6
0,Play Test 2,Assassin,CityRise,false,8.38,2
0,Play Test 2,Assassin,CityRise,false,10.33,5
0,Play Test 2,Assassin,CityRise,false,2.85,1
0,Play Test 2,Assassin,CityRise,false,10.97,4
0,Play Test 2,Assassin,CityRise,false,3.47,0
0,Play Test 2,Assassin,CityRise,true,9.94,6
0,Play Test 2,Assassin,CityRise,false,10.27,2
0,Play Test 2,Assassin,CityRise,true,10.53,6
0,Play Test 1,Assassin,CityRise,false,9.69,4
0,Play Test 1,Assassin,CityRise,true,11.02,6
0,Play Test 1,Assassin,CityRise,false,2.57,1
0,Play Test 1,Assassin,CityRise,false,2.88,1
0,Play Test 2,ShockSweeper,CityRise,false,3.11,0
0,Play Test 1,Assassin,CityRise,false,3.61,1
0,Play Test 1,Assassin,CityRise,false,2.7,0
0,Play Test 1,Assassin,CityRise,false,10.92,3
0,Play Test 1,Assassin,CityRise,false,3.24,0
0,Play Test 1,Assassin,CityRise,false,3.12,1
0,Play Test 1,Assassin,CityRise,false,3.04,0
0,Play Test 1,Assassin,CityRise,false,8.78,3
0,Play Test 1,Assassin,CityRise,true,11.77,6
0,Play Test 1,Assassin,CityRise,false,3.77,1
0,Play Test 1,Assassin,CityRise,false,2.77,0
0,Play Test 1,Assassin,CityRise,true,10.28,6
0,Play Test 1,Assassin,CityRise,false,9.52,5
0,Play Test 1,Assassin,CityRise,false,3.54,0
0,Play Test 1,Assassin,CityRise,false,2.92,1
0,Play Test 1,Assassin,CityRise,false,12.38,4
0,Play Test 1,Assassin,CityRise,true,12.72,6
0,Play Test 1,Archer,CityRise,true,10.68,6
0,Play Test 1,Archer,CityRise,false,3.86,1
0,Play Test 1,Archer,CityRise,false,8.51,4
0,Play Test 1,Archer,CityRise,false,7.49,4
0,Play Test 1,Archer,CityRise,false,7.97,4
0,Play Test 1,Archer,CityRise,false,10.62,5
0,Play Test 1,Archer,CityRise,false,11.22,5
0,Play Test 1,Archer,CityRise,false,10.82,5
0,Play Test 1,Archer,CityRise,false,3.76,0
0,Play Test 1,Archer,CityRise,true,9.89,6
0,Play Test 1,Archer,CityRise,false,10.22,5
0,Play Test 1,Archer,CityRise,false,9.21,4
0,Play Test 1,Archer,CityRise,false,10.12,5
0,Play Test 1,Archer,CityRise,false,9.93,5
0,Play Test 1,Archer,CityRise,false,8.42,4
0,Play Test 1,Archer,CityRise,true,9.43,6
0,Play Test 1,Archer,CityRise,true,10.0,6
0,Play Test 1,Assassin,CityRise,false,3.28,0
0,Play Test 1,Archer,CityRise,false,9.32,4
0,Play Test 1,Archer,CityRise,false,9.45,4
0,Play Test 1,Archer,CityRise,false,10.58,4
0,Play Test 1,Archer,CityRise,true,9.77,6
0,Play Test 1,Assassin,CityRise,false,2.69,0
0,Play Test 1,Archer,CityRise,true,9.65,6
0,Play Test 1,Archer,CityRise,true,9.94,6
0,Play Test 1,Archer,CityRise,true,9.9,6
0,Play Test 1,Archer,CityRise,false,9.14,4
0,Play Test 1,Archer,CityRise,false,9.78,5
0,Play Test 1,Archer,CityRise,true,9.41,6
0,Play Test 1,Archer,CityRise,false,8.98,5
0,Play Test 1,Archer,CityRise,true,8.54,6
0,Play Test 1,Archer,CityRise,false,7.09,4
0,Play Test 1,Archer,CityRise,false,3.09,0
0,Play Test 1,Archer,CityRise,true,8.3,6
0,Play Test 1,Archer,CityRise,false,9.21,5
0,Play Test 1,Archer,CityRise,false,2.54,0
0,Play Test 1,Archer,CityRise,true,8.13,6
0,Play Test 1,Archer,CityRise,false,2.81,0
0,Play Test 1,Archer,CityRise,false,3.03,0
0,Play Test 1,Assassin,CityRise,false,10.59,1
0,Play Test 1,Archer,CityRise,true,8.76,6
0,Play Test 2,Archer,CityRise,false,8.12,4
0,Play Test 2,Archer,CityRise,false,2.59,0
0,Play Test 2,Archer,CityRise,false,2.66,0
0,Play Test 2,Archer,CityRise,false,2.6,0
0,Play Test 2,Archer,CityRise,false,2.43,0
0,Play Test 2,Archer,CityRise,false,3.04,1
0,Play Test 2,Archer,CityRise,false,7.82,4
0,Play Test 2,Archer,CityRise,false,7.58,4
0,Play Test 2,Archer,CityRise,false,7.33,4
0,Play Test 2,Archer,CityRise,false,6.76,2
0,Play Test 2,Archer,CityRise,false,2.63,1
0,Play Test 2,Archer,CityRise,false,8.3,4
0,Play Test 2,Archer,CityRise,false,2.58,0
0,Play Test 2,Archer,CityRise,false,2.6,0
0,Play Test 2,Archer,CityRise,true,9.02,6
0,Play Test 2,Archer,CityRise,true,7.69,6
0,Play Test 2,Archer,CityHouse,true,6.49,3
0,Play Test 2,Archer,CityHouse,false,5.71,2
0,Play Test 2,Archer,CityHouse,false,6.2,1
0,Play Test 2,ShockSweeper,CityRise,false,10.14,4
0,Play Test 2,ShockSweeper,CityRise,true,11.49,6
0,Play Test 2,Archer,CityRise,false,2.89,1
0,Play Test 2,Archer,CityRise,false,3.69,1
0,Play Test 2,Archer,CityRise,false,2.77,1
0,Play Test 2,Archer,CityRise,false,2.62,0
0,Play Test 2,Archer,CityRise,false,2.63,0
0,Play Test 2,Archer,CityRise,true,9.32,6
0,Play Test 2,Archer,CityRise,true,8.76,6
0,Play Test 2,Archer,CityHouse,true,6.06,3
0,Play Test 2,Assassin,CityRise,false,12.23,3
0,Play Test 1,Assassin,CityRise,true,10.79,6
0,Play Test 1,Archer,CityHouse,true,6.37,3
0,Play Test 1,Archer,CityHouse,false,4.87,1
0,Play Test 1,Archer,CityHouse,true,6.1,3
0,Play Test 1,ShockSweeper,CityHouse,true,8.13,3
0,Play Test 1,ShockSweeper,CityHouse,true,8.49,3
0,Play Test 1,Archer,CityHouse,true,6.11,3
0,Play Test 1,Archer,CityHouse,true,6.19,3
0,Play Test 1,Archer,CityHouse,true,6.29,3
0,Play Test 1,Archer,CityHouse,false,4.53,1
0,Play Test 1,Archer,CityHouse,false,5.16,1
0,Play Test 1,Archer,CityHouse,true,6.27,3
0,Play Test 1,Archer,CityHouse,true,6.51,3
0,Play Test 1,Archer,CityHouse,true,5.98,3
1,Play Test 1,Archer,CityHouse,true,31.38,3
1,Play Test 1,ShockSweeper,CityRise,true,41.85,6
1,Play Test 2,Assassin,CityHouse,true,19.69,3
1,Play Test 2,Assassin,CityRise,false,1.47,0
1,Play Test 2,Assassin,CityRise,false,4.4,0
1,Play Test 2,Assassin,CityRise,false,6.18,1
1,Play Test 2,Assassin,CityRise,true,19.14,6
1,Play Test 1,Assassin,CityRise,false,3.18,1
1,Play Test 1,Assassin,CityRise,false,7.59,1
1,Play Test 1,Assassin,CityRise,false,13.65,2
1,Play Test 1,Assassin,CityRise,false,3.67,0
1,Play Test 1,Assassin,CityRise,false,12.01,5
1,Play Test 1,Assassin,CityRise,false,2.19,0
1,Play Test 1,Assassin,CityRise,false,2.94,1
1,Play Test 1,Assassin,CityRise,false,2.76,1
1,Play Test 1,Assassin,CityRise,false,3.97,1
1,Play Test 1,Assassin,CityRise,true,15.02,6
1,Play Test 1,Assassin,CityRise,false,9.88,2
1,Play Test 1,Assassin,CityRise,false,2.11,0
1,Play Test 1,Assassin,CityRise,true,10.66,6
1,Play Test 1,Assassin,CityRise,false,2.07,0
1,Play Test 1,Assassin,CityRise,false,3.07,0
1,Play Test 1,Assassin,CityRise,false,2.41,0
1,Play Test 1,Assassin,CityRise,false,8.27,3
1,Play Test 1,Assassin,CityRise,false,2.81,0
1,Play Test 1,Assassin,CityRise,false,2.0,0
1,Play Test 1,Assassin,CityRise,false,3.03,0
1,Play Test 1,Assassin,CityRise,false,8.74,3
1,Play Test 1,Assassin,CityRise,false,2.17,0
1,Play Test 1,Assassin,CityRise,false,8.11,2
1,Play Test 1,Assassin,CityRise,false,2.97,0
1,Play Test 1,Assassin,CityRise,false,3.17,0
1,Play Test 1,Assassin,CityRise,false,3.76,1
1,Play Test 1,Assassin,CityRise,false,2.78,0
1,Play Test 1,Assassin,CityRise,false,2.29,0
1,Play Test 1,Assassin,CityRise,false,8.71,3
1,Play Test 1,Assassin,CityRise,false,9.08,3
1,Play Test 1,Assassin,CityRise,false,4.11,1
1,Play Test 1,Assassin,CityRise,false,11.1,5
1,Play Test 1,Assassin,CityRise,true,10.68,6
1,Play Test 1,Archer,CityRise,false,11.42,2
1,Play Test 1,Assassin,CityRise,true,10.81,6
1,Play Test 1,Assassin,CityRise,true,11.62,6
1,Play Test 1,Assassin,CityRise,false,4.26,1
1,Play Test 1,Assassin,CityRise,false,2.86,0
1,Play Test 1,Assassin,CityRise,false,8.6,3
1,Play Test 1,Assassin,CityRise,false,2.84,0
1,Play Test 1,Assassin,CityRise,false,10.5,5
1,Play Test 1,Assassin,CityRise,false,2.54,1
1,Play Test 1,Assassin,CityRise,false,3.38,1
1,Play Test 1,Assassin,CityRise,false,10.66,5
1,Play Test 1,Assassin,CityRise,false,9.85,5
1,Play Test 1,Assassin,CityRise,true,16.97,6
1,Play Test 1,Assassin,CityRise,false,2.83,0
1,Play Test 1,Assassin,CityRise,false,2.7,1
1,Play Test 1,Assassin,CityRise,false,3.77,1
1,Play Test 1,Assassin,CityRise,false,11.28,2
1,Play Test 1,Assassin,CityRise,true,10.64,6
1,Play Test 1,Assassin,CityRise,false,2.2,0
1,Play Test 1,Assassin,CityRise,false,2.41,0
1,Play Test 1,Assassin,CityRise,false,2.93,1
1,Play Test 1,Assassin,CityRise,true,10.26,6
1,Play Test 1,Assassin,CityRise,false,8.88,3
1,Play Test 1,Assassin,CityRise,true,12.44,6
1,Play Test 1,Assassin,CityRise,false,2.69,1
1,Play Test 1,Assassin,CityRise,true,11.03,6
1,Play Test 1,Assassin,CityRise,false,9.66,4
1,Play Test 1,Assassin,CityRise,false,2.37,0
1,Play Test 2,Assassin,CityRise,false,9.83,3
1,Play Test 2,Assassin,CityRise,false,4.07,1
1,Play Test 1,Assassin,CityRise,false,2.48,0
1,Play Test 2,Assassin,CityRise,false,3.5,0
1,Play Test 2,Assassin,CityRise,false,9.21,3
1,Play Test 2,Assassin,CityRise,false,10.85,5
1,Play Test 2,Assassin,CityRise,false,2.6,0
1,Play Test 2,Assassin,CityRise,false,3.87,1
1,Play Test 2,Assassin,CityRise,false,3.8,0
1,Play Test 2,Assassin,CityRise,true,11.67,6
1,Play Test 2,Assassin,CityRise,false,15.89,3
1,Play Test 1,Assassin,CityRise,false,7.55,1
1,Play Test 1,Assassin,Tutorial,false,780.86,0
1,Play Test 1,Assassin,CityRise,true,11.12,6
1,Play Test 1,Assassin,CityRise,false,2.71,1
1,Play Test 1,Assassin,CityRise,false,10.22,2
1,Play Test 1,Assassin,CityRise,false,2.6,1
1,Play Test 1,Assassin,CityRise,false,4.21,1
1,Play Test 1,Assassin,CityRise,true,10.63,6
1,Play Test 1,Assassin,CityRise,false,2.83,1
1,Play Test 1,Assassin,CityRise,false,2.96,1
1,Play Test 1,Assassin,CityRise,false,9.89,5
1,Play Test 1,Assassin,CityRise,false,2.19,0
1,Play Test 1,Assassin,CityRise,true,10.82,6
1,Play Test 1,Assassin,CityRise,true,10.23,6
1,Play Test 1,Assassin,CityRise,false,2.57,0
1,Play Test 1,Assassin,CityRise,false,8.14,3
1,Play Test 1,Assassin,CityRise,false,4.2,1
1,Play Test 2,Assassin,CityRise,false,9.27,4
1,Play Test 1,Assassin,CityRise,false,2.94,1
1,Play Test 1,Assassin,CityRise,false,2.76,1
1,Play Test 1,Assassin,CityRise,false,3.0,1
1,Play Test 1,Assassin,CityRise,false,3.6,1
1,Play Test 1,Assassin,CityRise,false,27.13,5
1,Play Test 1,Assassin,CityRise,false,9.5,5
1,Play Test 1,Assassin,CityRise,false,2.74,1
1,Play Test 1,Assassin,CityRise,false,11.72,5
1,Play Test 1,Assassin,CityRise,false,4.38,1
1,Play Test 1,Assassin,CityRise,false,11.02,5
1,Play Test 1,Assassin,CityRise,false,4.61,1
1,Play Test 1,Assassin,CityRise,false,3.06,0
1,Play Test 1,Assassin,CityRise,true,10.29,6
1,Play Test 1,Assassin,CityRise,false,3.31,1
1,Play Test 1,Assassin,CityRise,true,10.23,6
1,Play Test 1,Assassin,CityRise,false,9.84,5
1,Play Test 1,Assassin,CityRise,false,9.37,5
1,Play Test 1,Assassin,CityRise,false,10.85,3
1,Play Test 1,Assassin,CityRise,false,2.68,1
1,Play Test 1,Assassin,CityRise,false,2.77,0
1,Play Test 1,Assassin,CityRise,false,10.27,5
1,Play Test 1,Assassin,CityRise,false,2.8,1
1,Play Test 1,Assassin,CityRise,true,10.39,6
1,Play Test 1,Assassin,CityRise,false,10.33,5
1,Play Test 1,Assassin,CityRise,true,10.47,6
1,Play Test 1,Assassin,CityRise,true,9.92,6
1,Play Test 1,Assassin,CityRise,true,12.45,6
1,Play Test 1,Assassin,CityRise,false,3.99,1
1,Play Test 1,Assassin,CityRise,false,2.71,0
1,Play Test 1,Assassin,CityRise,false,10.16,5
1,Play Test 1,Assassin,CityRise,false,10.07,5
1,Play Test 1,Assassin,CityRise,false,10.5,5
1,Play Test 1,Assassin,CityRise,false,4.36,1
1,Play Test 1,Assassin,CityRise,false,2.77,1
1,Play Test 1,Assassin,CityRise,false,9.9,5
1,Play Test 1,Assassin,CityRise,false,3.11,1
1,Play Test 1,Assassin,CityRise,true,9.95,6
1,Play Test 1,Assassin,CityRise,true,9.71,6
1,Play Test 1,Archer,CityRise,false,7.76,1
1,Play Test 1,Archer,CityRise,false,5.89,1
1,Play Test 1,Assassin,CityRise,true,10.22,6
1,Play Test 1,Assassin,CityRise,true,9.96,6
1,Play Test 2,Assassin,CityRise,false,2.73,1
1,Play Test 2,Assassin,CityRise,false,3.52,1
1,Play Test 2,Assassin,CityRise,false,10.94,5
1,Play Test 2,Assassin,CityRise,false,10.33,5
1,Play Test 2,Assassin,CityRise,true,10.0,6
1,Play Test 2,Assassin,CityRise,false,3.17,1
1,Play Test 2,Assassin,CityRise,false,3.02,1
1,Play Test 2,Assassin,CityRise,false,3.93,1
1,Play Test 2,Assassin,CityRise,false,3.5,1
2,Play Test 2,Assassin,CityRise,true,9.96,6
2,Play Test 1,ShockSweeper,CityHouse,false,26.34,2
2,Play Test 1,ShockSweeper,CityHouse,false,10.84,2
2,Play Test 1,ShockSweeper,CityHouse,true,12.75,3
2,Play Test 2,ShockSweeper,CityRise,true,19.92,6
2,Play Test 2,ShockSweeper,CityRise,false,17.21,3
2,Play Test 2,ShockSweeper,CityRise,true,20.12,6
2,Play Test 2,ShockSweeper,CityRise,false,21.65,5
2,Play Test 2,ShockSweeper,CityRise,true,23.96,6
2,Play Test 2,Assassin,CityRise,false,5.67,1
2,Play Test 2,Assassin,CityRise,true,17.11,6
2,Play Test 2,Archer,CityRise,false,37.99,1
2,Play Test 2,Assassin,CityRise,false,22.21,4
2,Play Test 2,Assassin,CityRise,false,11.85,3
2,Play Test 2,Assassin,CityRise,true,18.72,6
2,Play Test 2,ShockSweeper,CityRise,false,4.51,1
2,Play Test 2,Assassin,CityRise,false,15.69,5
2,Play Test 2,ShockSweeper,CityRise,true,16.57,6
2,Play Test 1,Assassin,CityRise,false,18.42,5
2,Play Test 1,ShockSweeper,CityRise,true,16.94,6
2,Play Test 1,ShockSweeper,CityRise,true,16.79,6
2,Play Test 1,Assassin,CityRise,false,17.47,3
2,Play Test 2,ShockSweeper,CityRise,false,5.15,1
2,Play Test 2,Assassin,CityRise,true,15.81,6
2,Play Test 1,Assassin,CityRise,true,16.89,6
2,Play Test 1,Assassin,CityRise,true,13.23,6
2,Play Test 1,Assassin,CityRise,true,14.51,6
2,Play Test 1,Assassin,CityRise,false,3.41,0
2,Play Test 1,Assassin,CityRise,false,3.51,1
2,Play Test 1,Assassin,CityRise,true,13.19,6
2,Play Test 1,Assassin,CityRise,true,11.45,6
2,Play Test 1,Assassin,CityRise,true,13.36,6
2,Play Test 1,Assassin,CityRise,true,14.29,6
2,Play Test 1,Assassin,CityRise,false,10.9,3
2,Play Test 1,Assassin,CityRise,false,15.28,4
2,Play Test 1,Assassin,CityRise,false,3.75,0
2,Play Test 1,Assassin,CityRise,false,6.1,1
2,Play Test 1,Assassin,CityRise,false,11.89,1
2,Play Test 1,Assassin,CityRise,false,3.56,0
2,Play Test 1,Assassin,CityRise,false,4.29,1
2,Play Test 1,Assassin,CityRise,true,11.69,6
2,Play Test 1,Assassin,CityRise,true,12.64,6
2,Play Test 1,Assassin,CityRise,true,11.55,6
2,Play Test 1,Assassin,CityRise,true,12.14,6
2,Play Test 1,Assassin,CityRise,false,9.13,2
2,Play Test 1,Assassin,CityRise,false,13.73,5
2,Play Test 1,Assassin,CityRise,false,13.16,5
2,Play Test 1,Assassin,CityRise,false,11.96,5
3,Play Test 1,Archer,CityHouse,false,32.58,2
3,Play Test 1,Archer,CityHouse,true,22.33,3
3,Play Test 2,Archer,CityHouse,true,21.39,3
3,Play Test 1,Archer,CityRise,false,23.99,5
3,Play Test 1,Archer,CityRise,true,40.04,6
3,Play Test 2,Archer,CityRise,false,16.47,5
3,Play Test 2,Archer,CityRise,true,18.07,6
3,Play Test 1,ShockSweeper,Tutorial,false,63.88,0
3,Play Test 1,ShockSweeper,Tutorial,false,17.48,0
3,Play Test 1,ShockSweeper,CityHouse,false,21.97,2
3,Play Test 1,Archer,CityHouse,false,16.99,2
3,Play Test 1,ShockSweeper,CityHouse,true,15.81,3
3,Play Test 1,ShockSweeper,CityRise,true,24.28,6
3,Play Test 2,ShockSweeper,CityHouse,true,18.71,3
3,Play Test 2,ShockSweeper,CityRise,false,7.44,1
3,Play Test 2,ShockSweeper,CityRise,true,31.97,6
3,Play Test 1,Assassin,CityHouse,false,15.14,2
3,Play Test 1,Assassin,CityHouse,false,8.62,2
3,Play Test 1,Assassin,CityHouse,false,11.66,2
3,Play Test 1,Archer,CityHouse,true,17.5,3
3,Play Test 1,Archer,CityHouse,true,13.39,3
3,Play Test 1,Archer,CityRise,true,23.41,6
3,Play Test 1,ShockSweeper,CityRise,true,23.69,6
3,Play Test 1,Archer,CityRise,false,16.68,3
3,Play Test 2,ShockSweeper,CityRise,true,21.05,6
3,Play Test 2,Archer,CityRise,false,17.1,5
3,Play Test 2,ShockSweeper,CityRise,false,15.48,5
3,Play Test 2,ShockSweeper,CityRise,true,16.12,6
3,Play Test 1,Archer,CityHouse,true,16.27,3
3,Play Test 1,Archer,CityHouse,true,18.92,3
3,Play Test 1,Archer,CityHouse,true,24.11,3
3,Play Test 1,Archer,CityHouse,true,9.46,3
3,Play Test 1,Archer,CityHouse,true,9.61,3
3,Play Test 1,Archer,CityHouse,true,8.99,3
3,Play Test 1,Archer,CityRise,false,3.22,1
3,Play Test 1,Archer,CityRise,true,17.58,6
3,Play Test 1,Archer,CityRise,true,16.16,6
3,Play Test 1,Archer,CityRise,false,4.42,1
3,Play Test 1,Archer,CityRise,true,15.88,6
3,Play Test 1,Archer,CityRise,true,14.79,6
3,Play Test 1,Archer,CityRise,false,8.02,2
3,Play Test 1,Archer,CityRise,true,16.17,6
3,Play Test 1,Archer,CityRise,true,15.78,6
3,Play Test 1,Archer,CityRise,true,12.98,6
3,Play Test 1,ShockSweeper,CityHouse,true,9.1,3
3,Play Test 1,ShockSweeper,CityHouse,true,10.11,3
3,Play Test 1,ShockSweeper,CityRise,true,25.05,6
3,Play Test 1,ShockSweeper,CityRise,false,14.37,5
3,Play Test 1,ShockSweeper,CityRise,true,15.41,6
3,Play Test 2,Archer,CityHouse,true,13.09,3
3,Play Test 2,Archer,CityHouse,true,8.4,3
3,Play Test 2,Archer,CityRise,true,14.72,6
3,Play Test 2,ShockSweeper,CityRise,false,14.27,5
3,Play Test 2,Archer,CityHouse,true,8.12,3
3,Play Test 2,ShockSweeper,CityHouse,true,8.26,3
3,Play Test 2,ShockSweeper,CityRise,false,5.78,1
3,Play Test 2,ShockSweeper,CityRise,true,34.17,6
3,Play Test 2,Archer,CityRise,false,5.54,1
3,Play Test 2,ShockSweeper,CityRise,false,20.26,5
3,Play Test 2,ShockSweeper,CityHouse,false,7.32,2
3,Play Test 2,ShockSweeper,CityHouse,true,9.52,3
3,Play Test 2,Archer,CityRise,true,11.81,6
4,Play Test 1,Assassin,Tutorial,false,30.49,0
4,Play Test 1,Assassin,Tutorial,false,30.22,1
4,Play Test 1,Assassin,CityHouse,true,31.53,3
4,Play Test 2,Archer,CityRise,false,15.73,0
4,Play Test 2,Archer,CityRise,false,29.18,4
4,Play Test 2,ShockSweeper,CityRise,true,36.74,6
4,Play Test 2,Archer,CityRise,true,33.0,6
4,Play Test 2,Assassin,CityRise,false,5.69,1
4,Play Test 2,Assassin,CityRise,true,28.25,6
4,Play Test 2,Assassin,CityRise,true,16.73,6
4,Play Test 2,Assassin,CityRise,true,16.46,6
4,Play Test 2,Assassin,CityRise,false,16.09,5
4,Play Test 2,Assassin,CityRise,true,15.56,6
4,Play Test 2,ShockSweeper,CityRise,true,18.62,6
4,Play Test 2,ShockSweeper,CityRise,false,17.81,4
4,Play Test 2,ShockSweeper,CityRise,false,17.19,5
4,Play Test 2,ShockSweeper,CityRise,false,15.75,4
4,Play Test 2,ShockSweeper,CityRise,false,15.44,5
4,Play Test 2,ShockSweeper,CityRise,true,17.15,6
4,Play Test 2,Assassin,CityRise,true,15.08,6
4,Play Test 1,Assassin,CityRise,false,2.77,0
4,Play Test 1,Assassin,CityRise,false,5.71,0
4,Play Test 1,Assassin,CityRise,true,15.68,6
4,Play Test 1,Assassin,CityRise,false,10.17,1
4,Play Test 1,Assassin,CityRise,false,15.37,4
4,Play Test 2,Assassin,CityRise,false,5.33,1
4,Play Test 1,Assassin,CityRise,false,4.02,1
4,Play Test 2,Assassin,CityRise,false,13.55,4
5,Play Test 1,Assassin,Tutorial,false,33.82,0
5,Play Test 1,Assassin,Tutorial,false,23.01,1
5,Play Test 1,Assassin,Tutorial,false,15.83,1
5,Play Test 1,Assassin,Tutorial,false,20.29,1
5,Play Test 1,Assassin,CityHouse,false,7.21,0
5,Play Test 1,Assassin,CityHouse,false,6.32,1
5,Play Test 1,Assassin,CityHouse,false,10.06,0
5,Play Test 1,Assassin,CityHouse,false,10.09,2
5,Play Test 1,Assassin,CityHouse,true,15.75,3
6,Play Test 1,Assassin,CityRise,TRUE,13.44,6
6,Play Test 2,Assassin,CityRise,TRUE,13.3,6
6,Play Test 1,Assassin,CityRise,FALSE,10.08,1
6,Play Test 1,Assassin,CityRise,FALSE,12.93,5
6,Play Test 1,Assassin,CityRise,TRUE,11.56,6
6,Play Test 1,ShockSweeper,CityRise,FALSE,4.84,1
6,Play Test 2,ShockSweeper,CityRise,TRUE,13.42,6
6,Play Test 1,ShockSweeper,CityHouse,TRUE,11.78,3
6,Play Test 2,ShockSweeper,CityHouse,TRUE,11.25,3
6,Play Test 1,ShockSweeper,CityHouse,TRUE,10.04,3
6,Play Test 2,ShockSweeper,CityHouse,TRUE,9.35,3
6,Play Test 1,ShockSweeper,CityHouse,FALSE,7.28,2
6,Play Test 2,ShockSweeper,CityHouse,TRUE,10.99,3
6,Play Test 1,ShockSweeper,CityHouse,TRUE,8.99,3
6,Play Test 2,ShockSweeper,CityHouse,TRUE,9.2,3
6,Play Test 2,ShockSweeper,CityHouse,TRUE,9.21,3
6,Play Test 1,ShockSweeper,CityHouse,FALSE,8.43,2
6,Play Test 2,ShockSweeper,CityHouse,TRUE,8.56,3
6,Play Test 1,ShockSweeper,CityHouse,TRUE,9.56,3
6,Play Test 2,ShockSweeper,CityHouse,TRUE,10.25,3
6,Play Test 1,ShockSweeper,CityHouse,TRUE,8.65,2
6,Play Test 2,ShockSweeper,CityHouse,TRUE,11.65,3
6,Play Test 1,ShockSweeper,CityHouse,TRUE,11.99,3
6,Play Test 2,ShockSweeper,CityHouse,TRUE,12.84,3
6,Play Test 1,ShockSweeper,CityHouse,TRUE,14.44,3
6,Play Test 2,ShockSweeper,CityHouse,TRUE,8.45,3
6,Play Test 1,ShockSweeper,CityHouse,TRUE,8.85,3
6,Play Test 2,ShockSweeper,CityHouse,TRUE,9.88,3
6,Play Test 1,ShockSweeper,CityHouse,TRUE,9.85,3
6,Play Test 2,ShockSweeper,CityHouse,TRUE,10.85,2
6,Play Test 1,ShockSweeper,CityHouse,TRUE,10.88,3
6,Play Test 2,ShockSweeper,CityHouse,TRUE,8.08,3
6,Play Test 1,ShockSweeper,CityHouse,TRUE,8.88,3
6,Play Test 2,ShockSweeper,CityHouse,TRUE,9.56,3
6,Play Test 1,ShockSweeper,CityHouse,TRUE,8.52,3
6,Play Test 2,ShockSweeper,CityHouse,TRUE,11.56,3
6,Play Test 1,ShockSweeper,CityHouse,TRUE,14.45,3
6,Play Test 2,ShockSweeper,CityHouse,TRUE,13.12,3
6,Play Test 1,ShockSweeper,CityHouse,TRUE,9.45,2
6,Play Test 2,ShockSweeper,CityHouse,FALSE,9.26,2
6,Play Test 1,ShockSweeper,CityHouse,TRUE,10.41,3
6,Play Test 2,ShockSweeper,CityHouse,TRUE,11.13,3
6,Play Test 1,ShockSweeper,CityHouse,TRUE,19.85,3
6,Play Test 2,ShockSweeper,CityHouse,TRUE,56.45,3
6,Play Test 1,ShockSweeper,CityHouse,TRUE,40.84,3
6,Play Test 2,ShockSweeper,CityHouse,TRUE,20.85,3
6,Play Test 1,ShockSweeper,CityHouse,TRUE,17.63,3
6,Play Test 2,ShockSweeper,CityHouse,TRUE,12.98,2
6,Play Test 1,ShockSweeper,CityHouse,TRUE,14.37,3
6,Play Test 2,ShockSweeper,CityHouse,TRUE,8.52,3
6,Play Test 1,ShockSweeper,CityHouse,TRUE,8.82,3
6,Play Test 2,ShockSweeper,CityHouse,TRUE,10.4,3
6,Play Test 2,Assassin,CityHouse,TRUE,9.58,3
6,Play Test 2,Assassin,CityHouse,FALSE,9.71,2
6,Play Test 2,Assassin,CityHouse,TRUE,9.11,3
6,Play Test 2,Assassin,CityHouse,TRUE,12.47,3
6,Play Test 2,Assassin,CityHouse,TRUE,8.87,3
6,Play Test 2,Assassin,CityHouse,TRUE,8.44,3
6,Play Test 2,Assassin,CityHouse,FALSE,8.67,2
6,Play Test 2,Assassin,CityHouse,TRUE,8.55,3
6,Play Test 2,Assassin,CityHouse,TRUE,8.12,3
6,Play Test 2,Assassin,CityHouse,TRUE,9.15,3
6,Play Test 2,Assassin,CityHouse,TRUE,9.75,3
6,Play Test 2,Assassin,CityHouse,FALSE,9.11,2
6,Play Test 2,Assassin,CityHouse,TRUE,9.42,3


